{
    "loss": 0.5049467086791992,
    "accuracy": 0.9568965435028076
}