{
    "loss": 0.6412631869316101,
    "accuracy": 0.931034505367279
}